uuid;id_evolution;id_voie_provisoire_gauche;id_voie_provisoire_droite;cleabs;geometrie;sens_de_circulation;type_d_adressage;prive;importance;nature;nombre_de_voies;acces;identifiant_fpb_voie_droite;identifiant_fpb_voie_gauche;commentaire_collecteur;ordrefinevol;wkt
45631674bdf1c84456d055b53b86ecd5;498cae2cb31b72fd74dc9a04d73af945;84242ff911504c748851e81a2f992cb8;84242ff911504c748851e81a2f992cb8;TRONROUT0000000002543606;0102000000050000009A999999F30D1941666666A6698C584166666666D40D1941CDCCCCCC6D8C584166666666BA0D1941000000C0728C584133333333B30D1941CDCCCC4C758C584166666666A40D19419A999959778C5841;;;;;;;;333220115;333220115;;;LINESTRING(410492.9 6435238.6,410485.1 6435255.2,410478.6 6435275,410476.8 6435285.2,410473.1 6435293.4)
8f8b8d4812ba50bc5ea188891d56898a;498cae2cb31b72fd74dc9a04d73af945;84242ff911504c748851e81a2f992cb8;84242ff911504c748851e81a2f992cb8;TRONROUT0000000002543588;01020000000C00000066666666A2101941666666C6568C58413333333335101941666666465B8C5841CDCCCCCCF00F1941CDCCCC4C5E8C584100000000AA0F194133333393608C584100000000600F1941CDCCCC4C628C584133333333150F19419A999919638C584166666666020F194133333353638C5841000000008C0E1941CDCCCC8C638C58419A999999510E1941CDCCCC4C648C5841666666662C0E194166666646658C5841CDCCCCCC100E1941000000C0668C58419A999999F30D1941666666A6698C5841;;;;;;;;333220115;333220115;;;LINESTRING(410664.6 6435163.1,410637.3 6435181.1,410620.2 6435193.2,410602.5 6435202.3,410584 6435209.2,410565.3 6435212.4,410560.6 6435213.3,410531 6435214.2,410516.4 6435217.2,410507.1 6435221.1,410500.2 6435227,410492.9 6435238.6)
dba0af64128f3c72927a8b51d5e0f341;498cae2cb31b72fd74dc9a04d73af945;3e74b8d493b5e8b30b955286d79dec69;3e74b8d493b5e8b30b955286d79dec69;TRONROUT0000000002543607;01020000000600000000000000641119419A999999488C58419A99999943111941666666464B8C58413333333333111941CDCCCC8C4C8C5841CDCCCCCCF0101941CDCCCCCC518C5841CDCCCCCCC410194100000000558C584166666666A2101941666666C6568C5841;;;;;;;;333220115;333220115;;;LINESTRING(410713 6435106.4,410704.9 6435117.1,410700.8 6435122.2,410684.2 6435143.2,410673.2 6435156,410664.6 6435163.1)
42d4e92bf0966ece03d5ab43170114eb;498cae2cb31b72fd74dc9a04d73af945;3e74b8d493b5e8b30b955286d79dec69;3e74b8d493b5e8b30b955286d79dec69;TRONROUT0000000002543608;01020000000300000000000000C2111941CDCCCCCC408C584166666666AE11194133333373428C584100000000641119419A999999488C5841;;;;;;;;333220115;333220115;;;LINESTRING(410736.5 6435075.2,410731.6 6435081.8,410713 6435106.4)
61639d063dca83eea5754197c8d40646;498cae2cb31b72fd74dc9a04d73af945;3e74b8d493b5e8b30b955286d79dec69;3e74b8d493b5e8b30b955286d79dec69;TRONROUT0000000002543613;0102000000020000000000000014121941333333D3398C584100000000C2111941CDCCCCCC408C5841;;;;;;;;333220115;333220115;;;LINESTRING(410757 6435047.3,410736.5 6435075.2)
aacdcddc547021f792eefc7e654bce8b;498cae2cb31b72fd74dc9a04d73af945;a2a65e79bfb554901156e6e6056d133f;a2a65e79bfb554901156e6e6056d133f;TRONROUT0000000002542695;01020000000500000066666666C61619419A9999990B8C5841000000006A161941666666060C8C58419A9999992D161941CDCCCC6C0C8C58410000000014161941CDCCCCEC0C8C58419A99999903161941CDCCCC6C0D8C5841;;;;;;;;333220115;333220115;;;LINESTRING(411057.6 6434862.4,411034.5 6434864.1,411019.4 6434865.7,411013 6434867.7,411008.9 6434869.7)
d337eb96b525eeecdd2a68363309213f;498cae2cb31b72fd74dc9a04d73af945;a2a65e79bfb554901156e6e6056d133f;a2a65e79bfb554901156e6e6056d133f;TRONROUT0000000002542692;010200000005000000CDCCCCCCEE151941333333130E8C5841CDCCCCCCDC151941666666260F8C58419A999999BF151941333333D3108C5841333333338F151941CDCCCC8C138C5841666666666E15194100000040158C5841;;;;;;;;333220115;333220115;;;LINESTRING(411003.7 6434872.3,410999.2 6434876.6,410991.9 6434883.3,410979.8 6434894.2,410971.6 6434901)
01e727d7fd5363e969c05c6ac6298e93;498cae2cb31b72fd74dc9a04d73af945;a2a65e79bfb554901156e6e6056d133f;a2a65e79bfb554901156e6e6056d133f;TRONROUT0000000002542680;010200000008000000666666666E15194100000040158C5841333333333F15194166666666178C5841333333330F1519419A9999B9188C584166666666C6141941000000201A8C58419A99999973141941333333B31B8C5841333333332F1419419A9999191D8C5841CDCCCCCCC813194133333333208C584100000000A813194100000040218C5841;;;;;;;;333220115;333220115;;;LINESTRING(410971.6 6434901,410959.8 6434909.6,410947.8 6434914.9,410929.6 6434920.5,410908.9 6434926.8,410891.8 6434932.4,410866.2 6434944.8,410858 6434949)
6d77acc32d49468b8bb931497385cd18;498cae2cb31b72fd74dc9a04d73af945;a2a65e79bfb554901156e6e6056d133f;a2a65e79bfb554901156e6e6056d133f;TRONROUT0000000002542678;01020000000500000000000000A813194100000040218C5841000000008413194166666666228C58419A99999941131941CDCCCCEC248C58419A99999907131941000000A0278C5841CDCCCCCCD8121941CDCCCCAC2A8C5841;;;;;;;;333220115;333220115;;;LINESTRING(410858 6434949,410849 6434953.6,410832.4 6434963.7,410817.9 6434974.5,410806.2 6434986.7)
63dbd0ba51cad6e555b6f855d43760f1;498cae2cb31b72fd74dc9a04d73af945;a2a65e79bfb554901156e6e6056d133f;a2a65e79bfb554901156e6e6056d133f;TRONROUT0000000002544219;010200000003000000CDCCCCCCD8121941CDCCCCAC2A8C5841000000008212194166666626318C58410000000014121941333333D3398C5841;;;;;;;;333220115;333220115;;;LINESTRING(410806.2 6434986.7,410784.5 6435012.6,410757 6435047.3)
1d8d512c1313c6d9e6368def2d9bc8a1;498cae2cb31b72fd74dc9a04d73af945;a2d8e8623042d5d9a1a1ceaca5d60fce;a2d8e8623042d5d9a1a1ceaca5d60fce;TRONROUT0000000002542677;0102000000020000009A99999903161941CDCCCC6C0D8C5841CDCCCCCCEE151941333333130E8C5841;;;;;;;;333220115;333220115;;;LINESTRING(411008.9 6434869.7,411003.7 6434872.3)
aa24d09840b3fbc69302b83ea5858521;f827fb395770233166cede89266241ea;;;;0102000000020000003C174C2E030C1941EF4F0FA3688C584198480BC2170B19418C27EA287D8C5841;;;;;;;;;;;;LINESTRING(410368.795212138 6435234.54780958,410309.939496168 6435316.63929166)
835f3f6ce8bbf893d607e9462b9b91c9;dbcaff577daef57c32505302ec9cefd8;;;TRONROUT0000000002544191;01020000000D0000000000000018041941666666660C8C584100000000B8021941000000A0FA8B584100000000EE01194133333373F08B58419A999999C70119419A9999D9EE8B58419A9999998B01194100000060EC8B58419A9999994901194133333373EA8B58419A999999D30019419A999979E78B5841333333339B00194100000000E68B5841333333337300194133333353E48B5841333333334300194133333333E28B58413333333317001941CDCCCCCCDF8B584166666666E0FF18419A999919DC8B584100000000B6FF184133333353D98B5841;;;;;;;;333220088;333220088;;;LINESTRING(409862 6434865.6,409774 6434794.5,409723.5 6434753.8,409713.9 6434747.4,409698.9 6434737.5,409682.4 6434729.8,409652.9 6434717.9,409638.8 6434712,409628.8 6434705.3,409616.8 6434696.8,409605.8 6434687.2,409592.1 6434672.4,409581.5 6434661.3)
7f408d995f63d62b9d3fccba4bcd692d;dbcaff577daef57c32505302ec9cefd8;;;TRONROUT0000000002543964;01020000000400000066666666F6FC184166666666B68B58416666666600FD184133333313B68B58419A9999990BFD18419A9999D9B58B58419A99999917FD1841000000C0B58B5841;;;;;;;;333220088;333220088;;;LINESTRING(409405.6 6434521.6,409408.1 6434520.3,409410.9 6434519.4,409413.9 6434519)
92a09a3457e36bcbfa6b4bbd1e86f309;dbcaff577daef57c32505302ec9cefd8;;;TRONROUT0000000002543963;0102000000060000009A99999939FD1841000000A0BC8B58419A9999992FFD18419A9999F9BC8B58416666666624FD184133333333BD8B5841CDCCCCCC18FD184166666646BD8B5841CDCCCCCC0CFD184133333333BD8B58419A99999901FD184100000000BD8B5841;;;;;;;;333220088;333220088;;;LINESTRING(409422.4 6434546.5,409419.9 6434547.9,409417.1 6434548.8,409414.2 6434549.1,409411.2 6434548.8,409408.4 6434548)
34c649dd36120eee5fbb4f6f6618d276;dbcaff577daef57c32505302ec9cefd8;;;TRONROUT0000000002543951;0102000000050000003333333353FD18419A999939BA8B58419A9999994FFD1841CDCCCCECBA8B5841666666664AFD184133333393BB8B5841CDCCCCCC42FD184166666626BC8B58419A99999939FD1841000000A0BC8B5841;;;;;;;;333220088;333220088;;;LINESTRING(409428.8 6434536.9,409427.9 6434539.7,409426.6 6434542.3,409424.7 6434544.6,409422.4 6434546.5)
3c302236725de82ced0f9b31e4daa8e3;dbcaff577daef57c32505302ec9cefd8;;;TRONROUT0000000002543950;01020000000A0000009A99999917FD1841000000C0B58B58413333333323FD1841333333D3B58B5841666666662EFD1841CDCCCC0CB68B5841CDCCCCCC38FD184100000060B68B58410000000042FD1841333333D3B68B5841000000004AFD184166666666B78B5841333333334FFD1841CDCCCC0CB88B5841CDCCCCCC52FD1841000000C0B88B58410000000054FD184100000080B98B58413333333353FD18419A999939BA8B5841;;;;;;;;333220088;333220088;;;LINESTRING(409413.9 6434519,409416.8 6434519.3,409419.6 6434520.2,409422.2 6434521.5,409424.5 6434523.3,409426.5 6434525.6,409427.8 6434528.2,409428.7 6434531,409429 6434534,409428.8 6434536.9)
9c55c4e3a14e9f6674234bba16e5bc9c;dbcaff577daef57c32505302ec9cefd8;;;TRONROUT0000000002543926;0102000000030000009A99999939FD1841000000A0BC8B58419A99999997FD1841CDCCCCCCBE8B584166666666EAFD1841CDCCCC0CC18B5841;;;;;;;;333220088;333220088;;;LINESTRING(409422.4 6434546.5,409445.9 6434555.2,409466.6 6434564.2)
66cdf85c9b9b7a224ed44ead407dce26;dbcaff577daef57c32505302ec9cefd8;;;TRONROUT0000000002543925;0102000000040000003333333353FD18419A999939BA8B58413333333381FD1841CDCCCC8CBC8B584100000000B0FD18419A999999BE8B584166666666EAFD1841CDCCCC0CC18B5841;;;;;;;;333220088;333220088;;;LINESTRING(409428.8 6434536.9,409440.3 6434546.2,409452 6434554.4,409466.6 6434564.2)
e3d8718760a6e82ab3732b4af978c591;dbcaff577daef57c32505302ec9cefd8;;;TRONROUT0000000002543924;010200000003000000CDCCCCCCE2FC18419A999919B28B5841333333330FFD184133333353B58B58419A99999917FD1841000000C0B58B5841;;;;;;;;333220088;333220088;;;LINESTRING(409400.7 6434504.4,409411.8 6434517.3,409413.9 6434519)
a71684583fc9e00fbc223ae6069f1fa6;dbcaff577daef57c32505302ec9cefd8;;;TRONROUT0000000002543891;01020000000C0000009A99999901FD184100000000BD8B584133333333F7FC1841CDCCCCACBC8B58419A999999EDFC184133333333BC8B584100000000E6FC1841000000A0BB8B5841CDCCCCCCE0FC18419A9999F9BA8B584133333333DDFC184166666646BA8B584100000000DCFC1841CDCCCC8CB98B5841CDCCCCCCDCFC1841CDCCCCCCB88B584166666666E0FC18419A999919B88B58419A999999E5FC184133333373B78B584133333333EDFC1841000000E0B68B584166666666F6FC184166666666B68B5841;;;;;;;;333220088;333220088;;;LINESTRING(409408.4 6434548,409405.8 6434546.7,409403.4 6434544.8,409401.5 6434542.5,409400.2 6434539.9,409399.3 6434537.1,409399 6434534.2,409399.2 6434531.2,409400.1 6434528.4,409401.4 6434525.8,409403.3 6434523.5,409405.6 6434521.6)
9f76dc549c03f8d1166e887b08ad8887;dbcaff577daef57c32505302ec9cefd8;;;TRONROUT0000000002543865;01020000000300000000000000B6FF184133333353D98B5841666666666CFF1841CDCCCC8CD48B584133333333F1FE1841CDCCCCECCC8B5841;;;;;;;;333220088;333220088;;;LINESTRING(409581.5 6434661.3,409563.1 6434642.2,409532.3 6434611.7)
43efa387e46097f0ba654cfac6110073;dbcaff577daef57c32505302ec9cefd8;;;TRONROUT0000000002543862;01020000000500000033333333F1FE1841CDCCCCECCC8B584100000000E4FE18419A999919CC8B58419A9999998DFE18419A999979C78B5841333333333DFE18419A999919C48B584166666666EAFD1841CDCCCC0CC18B5841;;;;;;;;333220088;333220088;;;LINESTRING(409532.3 6434611.7,409529 6434608.4,409507.4 6434589.9,409487.3 6434576.4,409466.6 6434564.2)
5d6dcd02a5b0ee96c124daf0243d0e22;dbcaff577daef57c32505302ec9cefd8;;;TRONROUT0000000002543609;01020000000A000000000000000C0A194166666646538C584133333333A1091941666666264F8C58416666666612091941000000E0498C584133333333CD081941333333B3478C5841000000007A081941333333D3448C58419A9999993F0819419A9999B9428C58419A9999990908194166666666408C584133333333C1071941000000403D8C58419A9999997D071941666666063A8C5841CDCCCCCC0C071941333333B3338C5841;;;;;;;;333220088;333220088;;;LINESTRING(410243 6435149.1,410216.3 6435132.6,410180.6 6435111.5,410163.3 6435102.8,410142.5 6435091.3,410127.9 6435082.9,410114.4 6435073.6,410096.3 6435061,410079.4 6435048.1,410051.2 6435022.8)
b53ffd56da2eef98c311e7957b44a073;dbcaff577daef57c32505302ec9cefd8;;;TRONROUT0000000002543601;010200000003000000CDCCCCCC0C071941333333B3338C584133333333CF05194100000080238C584100000000F604194133333313188C5841;;;;;;;;333220088;333220088;;;LINESTRING(410051.2 6435022.8,409971.8 6434958,409917.5 6434912.3)
66894505ba7f0eecd772212cce9881cb;dbcaff577daef57c32505302ec9cefd8;;;TRONROUT0000000002543600;010200000003000000CDCCCCCC3A0B19419A9999595F8C58419A999999270B1941666666865E8C58419A9999996D0A194100000020578C5841;;;;;;;;333220088;333220088;;;LINESTRING(410318.7 6435197.4,410313.9 6435194.1,410267.4 6435164.5)
3418cadad07cc11adb93765a75e50333;dbcaff577daef57c32505302ec9cefd8;;;TRONROUT0000000002543595;01020000000200000000000000F604194133333313188C58410000000018041941666666660C8C5841;;;;;;;;333220088;333220088;;;LINESTRING(409917.5 6434912.3,409862 6434865.6)
9b5407058cf05ffad5c7a0ff90562d9e;dbcaff577daef57c32505302ec9cefd8;;;TRONROUT0000000002543570;01020000000200000033333333410A19419A999959558C5841000000000C0A194166666646538C5841;;;;;;;;333220088;333220088;;;LINESTRING(410256.3 6435157.4,410243 6435149.1)
89d7a1e4699f296a030de99fdce55616;dbcaff577daef57c32505302ec9cefd8;;;TRONROUT0000000002543567;01020000000600000066666666A40D19419A999959778C5841CDCCCCCC860D194100000000778C584100000000600D19419A999919768C58419A9999993B0D1941333333B3748C584100000000860C1941000000406D8C5841CDCCCCCC3A0B19419A9999595F8C5841;;;;;;;;333220088;333220088;;;LINESTRING(410473.1 6435293.4,410465.7 6435292,410456 6435288.4,410446.9 6435282.8,410401.5 6435253,410318.7 6435197.4)
223858612dba438e49830b577ea72cbe;51ef2eebef868a4fc7ff3032cdc8bc9d;6d1d3b5dcfcfb3f4e9a0126a9a6bdd4a;6d1d3b5dcfcfb3f4e9a0126a9a6bdd4a;;01020000000300000046C2D363100C1941F19E2A2D688C584117363526CF0B1941EA3E93ED768C5841BDA59F6E0C0B194192ADB625808C5841;;;;;;;;;;;;LINESTRING(410372.097487484 6435232.70572637,410355.78731236 6435291.71211217,410307.108030882 6435328.58927478)
78ecf5f935c9d16cecbbae2403c2a7d2;3e25ae7ead7c9156e2cf984f312999e0;;;TRONROUT0000000002480217;010200000012000000CDCCCCCC4A5A1741333333B3CFCD5841CDCCCCCC105B17419A9999D9CCCD584166666666C45B174166666626CACD5841CDCCCCCC805C1741333333D3C7CD58419A999999B55C174133333333C7CD584166666666D65C1741666666C6C6CD584166666666F45C17419A9999B9C6CD5841666666661A5D174100000040C7CD5841333333333B5D174133333313C8CD584100000000565D1741666666C6C8CD58419A999999695D174133333313C9CD5841333333339B5D174100000080C8CD584100000000BA5D1741CDCCCC2CC8CD58419A999999DB5D1741000000E0C7CD584100000000F45D1741000000E0C7CD58419A999999075E17419A999919C8CD5841666666661A5E1741CDCCCC8CC8CD5841CDCCCCCC765E174100000020CCCD5841;;;;;;;;335440008;335440008;;2;LINESTRING(382610.7 6502206.8,382660.2 6502195.4,382705.1 6502184.6,382752.2 6502175.3,382765.4 6502172.8,382773.6 6502171.1,382781.1 6502170.9,382790.6 6502173,382798.8 6502176.3,382805.5 6502179.1,382810.4 6502180.3,382822.8 6502178,382830.5 6502176.7,382838.9 6502175.5,382845 6502175.5,382849.9 6502176.4,382854.6 6502178.2,382877.7 6502192.5)
0045c6060a2a986766aff00d451df644;20009f04b909afd0c5772b42f2add2cd;;;TRONROUT0000000002357486;01020000001A00000000000000580D1B419A999999598858419A999999650D1B419A9999595A88584166666666800D1B419A9999D95A8858419A999999B10D1B419A9999195C88584166666666300E1B41666666866088584133333333990E1B419A9999F9648858419A999999BD0E1B41CDCCCCCC6688584133333333D70E1B41000000C06788584100000000FE0E1B413333333368885841CDCCCCCC2E0F1B41000000A068885841CDCCCCCC600F1B413333333369885841CDCCCCCC840F1B41333333F369885841CDCCCCCCA40F1B41666666E66A88584166666666E00F1B41000000406D885841CDCCCCCC76101B41333333D37388584166666666B8101B41CDCCCCCC7688584133333333ED101B419A999959798858410000000012111B41000000E07B8858419A99999935111B41666666867E885841666666664C111B41CDCCCC2C818858413333333377111B4100000020878858419A99999993111B41333333738A88584133333333B3111B41000000408D88584133333333E5111B41000000A08F885841CDCCCCCC18121B416666660691885841CDCCCCCC4E121B410000008091885841;;;;;;;;332430325;332430325;;2;LINESTRING(443222 6431078.4,443225.4 6431081.4,443232.1 6431083.4,443244.4 6431088.4,443276.1 6431106.1,443302.3 6431123.9,443311.4 6431131.2,443317.8 6431135,443327.5 6431136.8,443339.7 6431138.5,443352.2 6431140.8,443361.2 6431143.8,443369.2 6431147.6,443384.1 6431157,443421.7 6431183.3,443438.1 6431195.2,443451.3 6431205.4,443460.5 6431215.5,443469.4 6431226.1,443475.1 6431236.7,443485.8 6431260.5,443492.9 6431273.8,443500.8 6431285,443513.3 6431294.5,443526.2 6431300.1,443539.7 6431302)
7ff7551459bce63a568ce9acaa264e7f;20009f04b909afd0c5772b42f2add2cd;;;TRONROUT0000000002357417;01020000000D000000CDCCCCCC8E081B41000000202C8858410000000050091B41CDCCCCEC278858416666666668091B416666662628885841000000007E091B4100000060298858419A9999999D091B41CDCCCCEC2C88584133333333010A1B41CDCCCC6C3488584100000000720A1B41CDCCCCAC3B88584100000000F80A1B41000000604288584166666666860B1B410000000049885841666666664C0C1B41000000605188584100000000EC0C1B41000000005788584133333333290D1B41CDCCCCEC5888584100000000580D1B419A99999959885841;;;;;;;;332430325;332430325;;2;LINESTRING(442915.7 6430896.5,442964 6430879.7,442970.1 6430880.6,442975.5 6430885.5,442983.4 6430899.7,443008.3 6430929.7,443036.5 6430958.7,443070 6430985.5,443105.6 6431012,443155.1 6431045.5,443195 6431068,443210.3 6431075.7,443222 6431078.4)
b1b465422236ac1071cdbf9472a9585f;20009f04b909afd0c5772b42f2add2cd;;;TRONROUT0000000002357369;01020000000C000000666666660E131B419A999979A9885841333333332B131B41333333D3A8885841CDCCCCCC40131B4166666666A88858416666666650131B41666666C6A7885841666666665A131B4100000000A7885841666666665E131B41CDCCCC2CA68858419A9999995B131B419A999959A5885841CDCCCCCC52131B419A999999A48858419A999999E1121B419A9999799B885841CDCCCCCC78121B419A99991994885841000000005E121B413333335392885841CDCCCCCC4E121B410000008091885841;;;;;;;;332430325;332430325;;2;LINESTRING(443587.6 6431397.9,443594.8 6431395.3,443600.2 6431393.6,443604.1 6431391.1,443606.6 6431388,443607.6 6431384.7,443606.9 6431381.4,443604.7 6431378.4,443576.4 6431341.9,443550.2 6431312.4,443543.5 6431305.3,443539.7 6431302)
2a8a6e4b3c5b7ef4e325c2c8ca55b9c5;20009f04b909afd0c5772b42f2add2cd;;;TRONROUT0000000002357363;010200000002000000666666660E131B419A999979A988584166666666FC121B4133333373A7885841;;;;;;;;332430325;332430325;;2;LINESTRING(443587.6 6431397.9,443583.1 6431389.8)
0373658f58c81e14177a34048732f3f8;8af57ec84576d1a921007b19794d23d6;;;TRONROUT0000000002545844;010200000004000000CDCCCCCC1E5A19419A9999195B85584100000000A45A1941000000A035855841000000003A5B1941333333930A855841333333333F5B19410000002008855841;;;;;;;;330750356;330750356;;;LINESTRING(415367.7 6428012.4,415401 6427862.5,415438.5 6427690.3,415439.8 6427680.5)
0e8454782c26ee3c213af2381181f8b6;8af57ec84576d1a921007b19794d23d6;;;TRONROUT0000000002545837;01020000000300000000000000C6591941CDCCCC6C7485584166666666F85919419A9999F965855841CDCCCCCC1E5A19419A9999195B855841;;;;;;;;330750356;330750356;;;LINESTRING(415345.5 6428113.7,415358.1 6428055.9,415367.7 6428012.4)
2d458730bcbba2657b46810df0bc9482;3e4f16a55879bb89f3cd4f61922d4f06;f9f8efaa8d51ddefa9e726fe84810cfd;f9f8efaa8d51ddefa9e726fe84810cfd;;0102000000020000001427778DA58A1B41F5705A2E20725841CEAFD625838F1B4109129D552C725841;;;;;;;;;;;;LINESTRING(451241.388149844 6408320.7242701,451552.786951777 6408369.33771182)
12690ee0e505eb4c41dc8242cf33a9fb;35d68cc78113aa1a7c2512e7d4fff8a2;b862482250d1c86944e6af82f7760a88;b862482250d1c86944e6af82f7760a88;TRONROUT0000000002545915;0102000000080000009A999999EF5519419A9999D97785584166666666D2551941000000E08085584166666666BA551941666666868785584100000000BA5519419A9999998785584133333333AB5519419A9999398C8558419A999999AB551941000000A08E85584100000000B0551941333333D390855841CDCCCCCCB6551941000000C092855841;;;;;;;;33075#01C;33075#01C;;;LINESTRING(415099.9 6428127.4,415092.6 6428163.5,415086.6 6428190.1,415086.5 6428190.4,415082.8 6428208.9,415082.9 6428218.5,415084 6428227.3,415085.7 6428235)
5c40c1871b53380d7032b7c033425db9;35d68cc78113aa1a7c2512e7d4fff8a2;b862482250d1c86944e6af82f7760a88;b862482250d1c86944e6af82f7760a88;TRONROUT0000000002545847;0102000000020000000000000010561941666666E66D8558419A999999EF5519419A9999D977855841;;;;;;;;33075#01C;33075#01C;;;LINESTRING(415108 6428087.6,415099.9 6428127.4)
6e579b137da05c6d0456e2d07ec43f0b;35d68cc78113aa1a7c2512e7d4fff8a2;2b773e6104717b6d55a2c298b67c45b1;2b773e6104717b6d55a2c298b67c45b1;TRONROUT0000000002545849;010200000007000000000000005A5719410000002014855841333333333F5719419A9999F916855841333333332D571941333333931A855841333333330F5719419A9999B92385584100000000AE5619419A9999393F8558419A999999215619419A999979688558410000000010561941666666E66D855841;;;;;;;;33075#01C;33075#01C;;;LINESTRING(415190.5 6427728.5,415183.8 6427739.9,415179.3 6427754.3,415171.8 6427790.9,415147.5 6427900.9,415112.4 6428065.9,415108 6428087.6)
a469c1885b08c603690d86ce5a75df0d;9c7b6c3c02be9d198a2a15a15661d814;9611b3be05eb8e81472b8b9b003d8b36;9611b3be05eb8e81472b8b9b003d8b36;;010200000002000000203393521BED1A4151EFA2BC608758415AB9B6C1DBE91A41C04AD56E78875841;;;;;;;;;;;;LINESTRING(441158.830639647 6430082.94744475,440950.939173599 6430177.73176831)
834c9fc6631f0badcc88eb5d42546f5b;4094879d3a6b4ae68c572b1a7120312d;3242f045fe6665f1a8ea286cf41c6ef7;3242f045fe6665f1a8ea286cf41c6ef7;;010200000002000000B65DD3B200EB1A4118CA79A07A875841FCB518CE79EA1A41F1E402BB48875841;;;;;;;;;;;;LINESTRING(441024.174634423 6430186.50743344,440990.45126614 6429986.92205165)
48a8bdbff8d941aab78b4a0291026672;1bd98873ae2f61492d462e8fa9318299;;;TRONROUT0000000002375037;0102000000050000009A99999927F21A4166666666578758413333333333F21A419A9999795B8758419A99999945F21A41000000E05F8758410000000066F21A41CDCCCCEC638758419A9999996BF21A41000000A064875841;;;;;;;;33174#01G;33174#01G;;;LINESTRING(441481.9 6430045.6,441484.8 6430061.9,441489.4 6430079.5,441497.5 6430095.7,441498.9 6430098.5)
1ab43af30e2afa8ec7db361c37ff7894;1bd98873ae2f61492d462e8fa9318299;;;TRONROUT0000000002375036;01020000000B0000009A9999996BF21A41000000A0648758416666666678F21A416666662666875841000000007AF21A419A999999678758413333333371F21A41000000A068875841CDCCCCCC66F21A41CDCCCC0C698758410000000024F21A41666666A66A8758419A99999919F21A41000000806A8758419A99999909F21A419A99993968875841666666660EF21A41CDCCCC2C678758410000000016F21A41CDCCCCCC668758419A9999996BF21A41000000A064875841;;;;;;;;33174#01G;33174#01G;;;LINESTRING(441498.9 6430098.5,441502.1 6430104.6,441502.5 6430110.4,441500.3 6430114.5,441497.7 6430116.2,441481 6430122.6,441478.4 6430122,441474.4 6430112.9,441475.6 6430108.7,441477.5 6430107.2,441498.9 6430098.5)
5821cd54b0bb826cb83133aab5792f8c;84959459e9134633f470134b16e34244;836a02ceffd4d983182f6d14ee5e088e;836a02ceffd4d983182f6d14ee5e088e;;0102000000050000006184802817DE1A41439BF4E1E8875841F4BAAEC2D9DE1A4135EA8E03EB87584176BC007CE8DF1A41EB845FF2EC875841133F60FD21E11A41500CD681EF875841FE8182798DE11A41D9966599F0875841;;;;;;;;;;;;LINESTRING(440197.789552754 6430627.5305546,440246.440119668 6430636.05559783,440314.121096558 6430643.78708003,440392.497437463 6430654.02868946,440419.36866191 6430658.39682552)
324ce0d2f61a18ff037aee0f37638a59;df41775217dcb05a4cf11cbaf2a9289c;;;TRONROUT0000000002372906;01020000000500000000000000C21F1B41000000205887584166666666E61F1B419A999919578758410000000090201B41666666864F8758413333333389211B4133333393448758419A99999991211B413333333344875841;;;;;;;;332430210;332430210;;2;LINESTRING(444400.5 6430048.5,444409.6 6430044.4,444452 6430014.1,444514.3 6429970.3,444516.4 6429968.8)
be088389560e40f1ac39e75ca87f1328;df41775217dcb05a4cf11cbaf2a9289c;;;TRONROUT0000000002372765;01020000000600000066666666C8211B41333333D34887584100000000C0211B41CDCCCCEC468758419A999999B3211B41000000804587584166666666AA211B41333333D344875841CDCCCCCCA4211B4133333393448758419A99999991211B413333333344875841;;;;;;;;332430210;332430210;;2;LINESTRING(444530.1 6429987.3,444528 6429979.7,444524.9 6429974,444522.6 6429971.3,444521.2 6429970.3,444516.4 6429968.8)
f411516d87fae338e79be15b136ae49c;df41775217dcb05a4cf11cbaf2a9289c;;;TRONROUT0000000002372762;0102000000020000009A99999991211B413333333344875841CDCCCCCC62211B41333333733F875841;;;;;;;;332430210;332430210;;2;LINESTRING(444516.4 6429968.8,444504.7 6429949.8)
6a9db3719be2631695e967d3181e73f6;31c674d1ee40559afaeae5b6f5bf6652;;;TRONROUT0000000002375035;0102000000040000009A99999927F21A41666666665787584100000000A4F21A4166666626548758419A999999D9F21A41CDCCCC2C52875841CDCCCCCC1AF31A41000000E04E875841;;;;;;;;33174B112;33174B112;;;LINESTRING(441481.9 6430045.6,441513 6430032.6,441526.4 6430024.7,441542.7 6430011.5)
197bc25028de3ad65d11aee9f15b35df;31c674d1ee40559afaeae5b6f5bf6652;;;TRONROUT0000000002374608;01020000000A0000003333333395F01A41CDCCCC4C5A87584133333333EBF01A41CDCCCC2C59875841333333331BF11A419A9999F958875841333333334BF11A413333333359875841000000006EF11A419A999959598758410000000096F11A41CDCCCC4C5987584133333333BBF11A410000002059875841CDCCCCCCE0F11A41CDCCCCAC588758419A99999903F21A41CDCCCC2C588758419A99999927F21A416666666657875841;;;;;;;;33174B112;33174B112;;;LINESTRING(441381.3 6430057.2,441402.8 6430052.7,441414.8 6430051.9,441426.8 6430052.8,441435.5 6430053.4,441445.5 6430053.2,441454.8 6430052.5,441464.2 6430050.7,441472.9 6430048.7,441481.9 6430045.6)
44da4323db39920dbea152d577cd58e9;31c674d1ee40559afaeae5b6f5bf6652;;;TRONROUT0000000002373673;010200000004000000CDCCCCCC1AF31A41000000E04E8758413333333367F31A41666666A64A87584166666666B6F31A41CDCCCCCC468758419A9999991DF41A41333333D342875841;;;;;;;;33174B112;33174B112;;;LINESTRING(441542.7 6430011.5,441561.8 6429994.6,441581.6 6429979.2,441607.4 6429963.3)
3367f65cf4dd2e34ee5425d8c98e0d99;2454ef2dc0d9a7faa0415700217029b2;;;TRONROUT0000000002374609;0102000000080000003333333361E51A41000000808E8758410000000016E51A41000000C08A87584100000000D2E41A41CDCCCC2C878758419A9999999DE41A413333335384875841CDCCCCCC78E41A4133333393828758416666666654E41A41CDCCCC4C818758413333333323E41A41333333338087584133333333FDE31A419A9999997F875841;;;;;;;;33174B082;33174B055;;;LINESTRING(440664.3 6430266,440645.5 6430251,440628.5 6430236.7,440615.4 6430225.3,440606.2 6430218.3,440597.1 6430213.2,440584.8 6430208.8,440575.3 6430206.4)
f7247668a1a9cb740a316a26fddb5efe;2454ef2dc0d9a7faa0415700217029b2;;;TRONROUT0000000002374606;01020000000B0000003333333361E51A41000000808E8758413333333385E51A41666666C68F875841CDCCCCCCC2E51A4133333373928758419A99999929E61A419A9999F995875841000000008EE61A41333333B39987584133333333F3E61A419A9999399D8758419A9999993DE71A41000000609F8758419A9999996FE71A4133333373A087584100000000C4E71A419A999959A28758419A9999993DE81A41CDCCCC4CA48758413333333353E81A41CDCCCC8CA4875841;;;;;;;;33174B055;33174B082;;;LINESTRING(440664.3 6430266,440673.3 6430271.1,440688.7 6430281.8,440714.4 6430295.9,440739.5 6430310.8,440764.8 6430324.9,440783.4 6430333.5,440795.9 6430337.8,440817 6430345.4,440847.4 6430353.2,440852.8 6430354.2)
0abc762628baa8441a23ebf96721fa41;bf862389b681abba8d7385e4882d3bcc;6c6b7b336d16b0353f1e023e7110a7a8;6c6b7b336d16b0353f1e023e7110a7a8;TRONROUT0000000002480262;01020000000B00000066666666985B1741333333330ACE5841CDCCCCCC7E5B17419A9999790ACE5841CDCCCCCC5E5B17419A9999D90ACE5841CDCCCCCC305B1741333333F30BCE58419A999999015B1741CDCCCCCC0DCE584166666666DA5A17419A9999990FCE584100000000B25A17413333337311CE5841666666668C5A17419A99999913CE5841CDCCCCCC6C5A1741CDCCCCEC15CE5841666666665E5A17416666662617CE584133333333515A17413333331318CE5841;;;;;;;;335440115;335440115;;2;LINESTRING(382694.1 6502440.8,382687.7 6502441.9,382679.7 6502443.4,382668.2 6502447.8,382656.4 6502455.2,382646.6 6502462.4,382636.5 6502469.8,382627.1 6502478.4,382619.2 6502487.7,382615.6 6502492.6,382612.3 6502496.3)
71a35cf1bd3f0502d8a4f1a64db129bd;bf862389b681abba8d7385e4882d3bcc;a1b48f526b94f4f02064a4e3eaf3543a;a1b48f526b94f4f02064a4e3eaf3543a;TRONROUT0000000002480204;010200000004000000333333336F5B17419A99991905CE5841333333335F5B17419A99995905CE584100000000365B1741666666E605CE584133333333FF5A17413333337306CE5841;;;;;;;;335440115;335440115;;2;LINESTRING(382683.8 6502420.4,382679.8 6502421.4,382669.5 6502423.6,382655.8 6502425.8)
b94706e3b0f745077a29fea22b028242;bf862389b681abba8d7385e4882d3bcc;a1b48f526b94f4f02064a4e3eaf3543a;a1b48f526b94f4f02064a4e3eaf3543a;TRONROUT0000000002480190;01020000000600000066666666985B1741333333330ACE584166666666905B1741CDCCCC0C09CE58419A999999835B1741CDCCCC6C07CE584100000000785B17410000002006CE58419A9999996F5B17416666664605CE5841333333336F5B17419A99991905CE5841;;;;;;;;335440115;335440115;;2;LINESTRING(382694.1 6502440.8,382692.1 6502436.2,382688.9 6502429.7,382686 6502424.5,382683.9 6502421.1,382683.8 6502420.4)
25d87d6ba765345a97a42c2232b60da9;bf862389b681abba8d7385e4882d3bcc;a1b48f526b94f4f02064a4e3eaf3543a;a1b48f526b94f4f02064a4e3eaf3543a;TRONROUT0000000002480261;0102000000060000009A999999DB5B17416666668612CE5841CDCCCCCCCA5B1741000000E010CE584100000000B65B1741000000200ECE584166666666A85B1741333333730CCE584166666666A05B1741000000400BCE584166666666985B1741333333330ACE5841;;;;;;;;335440115;335440115;;2;LINESTRING(382710.9 6502474.1,382706.7 6502467.5,382701.5 6502456.5,382698.1 6502449.8,382696.1 6502445,382694.1 6502440.8)
61d67f5b10038ef0bf5efff55ed14a97;260f6379ec018b00107e32e034e1707a;;;TRONROUT0000000002545875;0102000000070000009A99999957591941CDCCCC8C4685584133333333935919416666664633855841CDCCCCCCD2591941333333D33285584133333333ED591941000000802F855841CDCCCCCCEE591941666666862B855841CDCCCCCCC8591941333333532985584100000000205A19419A9999D90A855841;;;;;;;;330750243;330750243;;;LINESTRING(415317.9 6427930.2,415332.8 6427853.1,415348.7 6427851.3,415355.3 6427838,415355.7 6427822.1,415346.2 6427813.3,415368 6427691.4)
fa4004543e30cccb40815bacf49db8b7;260f6379ec018b00107e32e034e1707a;074c174058a40abaeed148fd4d8d3d64;074c174058a40abaeed148fd4d8d3d64;TRONROUT0000000002545863;010200000003000000CDCCCCCC925819416666668675855841CDCCCCCCB6581941000000206B855841666666662E591941CDCCCC2C49855841;;;;;;;;330750243;330750243;;;LINESTRING(415268.7 6428118.1,415277.7 6428076.5,415307.6 6427940.7)
c20dccf3008223292a896aa32bf5953c;032c6a8137f5b95a0a27cb1e286618ae;506430acdb8fa6f958e9abc80276f3ff;506430acdb8fa6f958e9abc80276f3ff;;010200000002000000247BB3313B6319412A75BF6231855841EDDF5A9E6A651941017B6AA2F4845841;;;;;;;;;;;;LINESTRING(415950.798536228 6427845.54293565,416090.654643535 6427602.53774905)
a036b96450f66877b9e1f8199b64c32f;2c5e08afda9aeb082333b556b05a2eff;d4d02875f93c1d85c001ce75b8afef73;d4d02875f93c1d85c001ce75b8afef73;;010200000002000000FC2DAAB412EC1A413574711D8987584172380B2111EC1A41F1BA3F2F68875841;;;;;;;;;;;;LINESTRING(441092.676430434 6430244.46004968,441092.282269365 6430112.73826479)
bd0b8248cd052df976093af4bfaa7cef;76675b028b4e6190be9007967af159c2;2ff80d61944aa2300a74bf6a059134d9;2ff80d61944aa2300a74bf6a059134d9;;010200000002000000F0E4A115BDE51A41A50443C649875841FD90C8109BE61A414C69FE9398875841;;;;;;;;;;;;LINESTRING(440687.27112539 6429991.09784046,440742.7663901 6430306.31240303)
d33dbd576edd1a79f40c8cbdc3763601;5597c048dd075a8253a996634c53a947;71dc62fc20aca2ebfd95e9e5756107ab;71dc62fc20aca2ebfd95e9e5756107ab;;010200000008000000A8A888C3CDD81A414FDE994C84885841BAE508B0B3D81A410208D94F838858417277D15E96D81A41ABB9617A7D8858417C5D72FB53D81A417401476B75885841542075AE3AD81A417DA54986708858414819402D2BD81A4146E41C9C6D885841629EE07107D81A4192057CDA6A8858411A917E7BEFD71A410CE06E7E6A885841;;;;;;;;;;;;LINESTRING(439859.440951 6431249.19689138,439852.921908941 6431245.24762154,439845.592595927 6431221.91221468,439828.995553456 6431189.67620884,439822.670368676 6431170.09824502,439818.79418983 6431158.43926341,439809.861208415 6431147.41381969,439803.870600002 6431145.97551728)
69d44716892083394191b91d21f503b1;ed9efebf955e40dccfe21ef5647dd28a;162b8da46c330f75ea8136c92caed634;162b8da46c330f75ea8136c92caed634;;010200000004000000CD7461BA90601941DFFAD2F9B2845841F2886F830B611941A837B18AB88458415452464F066219411E09D546B1845841E666A4153662194119CA2FABB1845841;;;;;;;;;;;;LINESTRING(415780.182012391 6427339.9035022,415810.87835516 6427362.16706649,415873.577416693 6427333.10675266,415885.521134956 6427334.67479184)
07d6f1af58ff89ba33c4d12b31dfa181;51644dea2feb61a594210b6ac83a0c76;bb7d0d0bf12b4ef28d4ae2aa2b62db25;bb7d0d0bf12b4ef28d4ae2aa2b62db25;TRONROUT0000000002373702;01020000000400000000000000FAF61A419A9999B9A4875841CDCCCCCCEAF61A4100000020A1875841CDCCCCCCA0F61A41333333B3928758413333333389F61A41CDCCCC8C8F875841;;;;;;;;331740140;331740140;;2;LINESTRING(441790.5 6430354.9,441786.7 6430340.5,441768.2 6430282.8,441762.3 6430270.2)
c2a78e6c7d8c42fb499925d10836195b;51644dea2feb61a594210b6ac83a0c76;bb7d0d0bf12b4ef28d4ae2aa2b62db25;bb7d0d0bf12b4ef28d4ae2aa2b62db25;TRONROUT0000000002373645;0102000000090000006666666684F61A419A9999D98E875841CDCCCCCC50F61A41666666C687875841CDCCCCCCF8F51A41666666267E8758410000000082F51A4166666686728758413333333327F51A41CDCCCCAC698758419A9999990FF51A419A99997967875841CDCCCCCCF6F41A41666666A665875841CDCCCCCC64F41A41CDCCCC6C5F8758419A9999991FF41A419A9999195C875841;;;;;;;;331740140;331740140;;2;LINESTRING(441761.1 6430267.4,441748.2 6430239.1,441726.2 6430200.6,441696.5 6430154.1,441673.8 6430118.7,441667.9 6430109.9,441661.7 6430102.6,441625.2 6430077.7,441607.9 6430064.4)
7d56914ae94fac2a28c902a4ddfacf2e;51644dea2feb61a594210b6ac83a0c76;e2da9f6c18ec3cb9bce1f994737cc65a;e2da9f6c18ec3cb9bce1f994737cc65a;TRONROUT0000000002373646;0102000000050000009A9999991FF41A419A9999195C875841CDCCCCCCF0F31A41333333D3598758413333333381F31A41CDCCCC4C548758413333333331F31A419A99993950875841CDCCCCCC1AF31A41000000E04E875841;;;;;;;;331740140;331740140;;2;LINESTRING(441607.9 6430064.4,441596.2 6430055.3,441568.3 6430033.2,441548.3 6430016.9,441542.7 6430011.5)
5adefe0e8d33bc964ac47ea3a25dd94c;dc7547e67c79dd085ac1e87ef0b4e1b4;;;TRONROUT0000000002553487;010200000004000000666666666A5C194133333313DC84584166666666DC5B1941333333D3E08458419A999999DD5A19419A9999B9E9845841CDCCCCCC6A5A1941000000C0ED845841;;;;;;;;330750173;330750173;;;LINESTRING(415514.6 6427504.3,415479.1 6427523.3,415415.4 6427558.9,415386.7 6427575)
ed043dcb6ebf0038e28b8903653d3304;dc7547e67c79dd085ac1e87ef0b4e1b4;;;TRONROUT0000000002550404;01020000000400000066666666DE5C194133333313DB8458419A999999AF5C194133333353DB8458419A999999935C1941CDCCCCACDB845841666666666A5C194133333313DC845841;;;;;;;;330750173;330750173;;;LINESTRING(415543.6 6427500.3,415531.9 6427501.3,415524.9 6427502.7,415514.6 6427504.3)
9bb66cce56ca3743f472556e13dafc86;dc7547e67c79dd085ac1e87ef0b4e1b4;;;TRONROUT0000000002545878;010200000003000000CDCCCCCC6A5A1941000000C0ED8458419A999999435A194166666626EF8458419A999999295A194166666626F0845841;;;;;;;;330750173;330750173;;;LINESTRING(415386.7 6427575,415376.9 6427580.6,415370.4 6427584.6)
24ce9c4d779a68530c2deca54d11e2ba;dc7547e67c79dd085ac1e87ef0b4e1b4;25299557666d9ae8b0b917d9c4d3acc2;25299557666d9ae8b0b917d9c4d3acc2;TRONROUT0000000002553452;0102000000210000009A999999295A194166666626F084584100000000F4591941000000E0F184584133333333E95919419A999979F2845841CDCCCCCCE05919419A999919F3845841CDCCCCCCCA591941000000A0F684584166666666BC591941666666A6F884584166666666B0591941000000A0F98458419A999999A359194133333373FA845841666666669659194100000000FB845841CDCCCCCC8659194100000060FB845841CDCCCCCC7A59194133333393FB845841666666669658194133333393FD845841333333331D57194166666606018558419A999999F35619410000004001855841CDCCCCCCE85619413333333301855841CDCCCCCCE05619419A9999190185584100000000CA5619419A9999B90085584133333333A75619419A999999FF845841000000009656194100000060FE845841333333338956194133333313FD845841000000008056194100000040FB8458419A9999997F561941666666C6F8845841333333337D5619419A999959F4845841666666667A5619419A999999EE845841666666667A56194166666606EC845841666666667E56194166666646EA8458410000000098561941666666C6E4845841CDCCCCCCC0561941666666C6DC84584133333333D7561941CDCCCC8CDA84584166666666E6561941000000C0D9845841CDCCCCCCF456194100000020D9845841333333330F57194133333373D88458419A99999945571941CDCCCCECD7845841;;;;;;;;330750173;330750173;;;LINESTRING(415370.4 6427584.6,415357 6427591.5,415354.3 6427593.9,415352.2 6427596.4,415346.7 6427610.5,415343.1 6427618.6,415340.1 6427622.5,415336.9 6427625.8,415333.6 6427628,415329.7 6427629.5,415326.7 6427630.3,415269.6 6427638.3,415175.3 6427652.1,415164.9 6427653,415162.2 6427652.8,415160.2 6427652.4,415154.5 6427650.9,415145.8 6427646.4,415141.5 6427641.5,415138.3 6427636.3,415136 6427629,415135.9 6427619.1,415135.3 6427601.4,415134.6 6427578.4,415134.6 6427568.1,415135.6 6427561.1,415142 6427539.1,415152.2 6427507.1,415157.8 6427498.2,415161.6 6427495,415165.2 6427492.5,415171.8 6427489.8,415185.4 6427487.7)
681bef05a3a7d79b22eda11eb4a83004;9c88928504afb5b81f07684d181f3926;9799e001fad676534320e0dafddf926e;9799e001fad676534320e0dafddf926e;;0102000000070000003E8ED7790A6519413071D1AC23845841A04A84C3B264194173940FFF288458414D068C739A641941E8A86A38288458418E4BD599226419411E9D35B61F845841B117F3AAEE631941D40C57F31B8458413535230CD66319412E47BBC01A84584180B06958A8631941F1C512E21A845841;;;;;;;;;;;;LINESTRING(416066.618986342 6426766.70028333,416044.69093434 6426787.98532592,416038.612838839 6426784.88151,416008.650227719 6426750.84702232,415995.666942949 6426735.80218812,415989.511853057 6426731.01143054,415978.086340673 6426731.53239583)
e157ad08a3a50b698bbb42907292bde7;3ba907e7801a93fa9b137ae7657c1ca9;59cf629cefca3bd7cb9a3497661ffab2;59cf629cefca3bd7cb9a3497661ffab2;TRONROUT0000000002479961;0102000000050000009A999999F5671741000000E0BACD5841666666664E681741333333D3BBCD584100000000AE68174133333353BDCD58419A99999937691741CDCCCC2CBFCD5841666666669469174166666646C0CD5841;;;;;;;;335440194;335440194;;2;LINESTRING(383485.4 6502123.5,383507.6 6502127.3,383531.5 6502133.3,383565.9 6502140.7,383589.1 6502145.1)
434cbdb3df314068d12027945985fab9;3ba907e7801a93fa9b137ae7657c1ca9;96bf0d1f9374634401f98b16f2e04530;96bf0d1f9374634401f98b16f2e04530;TRONROUT0000000002479992;01020000000A00000000000000EE651741666666C6BACD584166666666FC651741333333B3B9CD5841CDCCCCCC0A6617419A999939B9CD5841CDCCCCCC1866174133333313B9CD58410000000070661741CDCCCC2CB9CD5841333333330F67174100000080B9CD58419A99999975671741000000E0B9CD5841CDCCCCCCAE671741CDCCCC2CBACD58419A999999D767174166666686BACD58419A999999F5671741000000E0BACD5841;;;;;;;;335440194;335440194;;2;LINESTRING(383355.5 6502123.1,383359.1 6502118.8,383362.7 6502116.9,383366.2 6502116.3,383388 6502116.7,383427.8 6502118,383453.4 6502119.5,383467.7 6502120.7,383477.9 6502122.1,383485.4 6502123.5)
d033edb6d737f8f3d14cd76b5ca24db9;abe4d8ae013d20dadd9964df108d1df7;fb74238da77339ef6a9f0fbe2f47eb0f;fb74238da77339ef6a9f0fbe2f47eb0f;;010200000002000000DE2562A0BBEA1A41C79AFCB178875841C4C7F0F915EB1A41E1348E4D53875841;;;;;;;;;;;;LINESTRING(441006.906624405 6430178.78104276,441029.494082567 6430029.2118046)
d4d87c606b007d011fd41e70743410ab;5f86ac7356e504b1c0155e6bc706b2f8;b27735425d78edab0155066bbca0d0a3;b27735425d78edab0155066bbca0d0a3;TRONROUT0000000002397226;01020000001A0000009A999999E7F11A41CDCCCCCC4488584166666666F0F11A41000000804388584133333333F9F11A413333331342885841666666661AF21A41666666663E885841333333333BF21A41CDCCCCEC3A885841CDCCCCCC92F21A41666666E6328858419A999999E9F21A419A9999192B8858419A99999929F31A4166666666258858419A99999939F31A416666666624885841CDCCCCCC50F31A4166666626238858413333333367F31A419A999939228858416666666680F31A4100000080218858419A9999999DF31A41000000C02088584100000000C4F31A41CDCCCCAC1F88584133333333F7F31A419A9999B91E885841CDCCCCCC80F41A419A9999591B8858410000000000F51A419A999999188858413333333359F51A4166666686158858413333333385F51A41CDCCCCAC1388584166666666B2F51A4166666606118858419A999999D5F51A41CDCCCC4C0E88584166666666F0F51A41000000400B885841CDCCCCCC04F61A41000000E007885841666666662CF61A419A9999B900885841CDCCCCCC70F61A4100000060F487584133333333A3F61A419A9999F9EB875841;;;;;;;;33174B016;33174B016;;2;LINESTRING(441465.9 6430995.2,441468.1 6430990,441470.3 6430984.3,441478.6 6430969.6,441486.8 6430955.7,441508.7 6430923.6,441530.4 6430892.4,441546.4 6430869.6,441550.4 6430865.6,441556.2 6430860.6,441561.8 6430856.9,441568.1 6430854,441575.4 6430851,441585 6430846.7,441597.8 6430842.9,441632.2 6430829.4,441664 6430818.4,441686.3 6430806.1,441697.3 6430798.7,441708.6 6430788.1,441717.4 6430777.2,441724.1 6430765,441729.2 6430751.5,441739.1 6430722.9,441756.2 6430673.5,441768.8 6430639.9)
0e807206c55124b599267263c485d2a3;5f86ac7356e504b1c0155e6bc706b2f8;7d15249ca015a51b17acd944d07fac94;7d15249ca015a51b17acd944d07fac94;TRONROUT0000000002373648;01020000000800000033333333A3F61A419A9999F9EB8758419A999999BBF61A41000000E0E7875841CDCCCCCCE0F61A41000000C0E2875841CDCCCCCC3EF71A419A9999D9D98758410000000074F71A41CDCCCC2CD58758413333333387F71A4100000040D3875841CDCCCCCC9AF71A41000000E0D087584133333333A3F71A4100000000CF875841;;;;;;;;33174B016;33174B016;;2;LINESTRING(441768.8 6430639.9,441774.9 6430623.5,441784.2 6430603,441807.7 6430567.4,441821 6430548.7,441825.8 6430541,441830.7 6430531.5,441832.8 6430524)
7e828acab325caf67810734fead2ec0b;9b83deef2a74dbb4365e5b803f8b485c;;;TRONROUT0000000002374642;01020000000E00000033333333FDE31A419A9999997F87584133333333FBE31A419A9999B97D87584166666666F6E31A41000000407C87584133333333F1E31A41666666A67A87584133333333DFE31A41333333937787584166666666CAE31A4133333333738758419A99999971E31A4166666606608758419A9999998DE21A41000000602D875841666666663EE21A419A9999F91B87584100000000F2E11A41333333330B875841CDCCCCCC8EE11A4100000060F58658416666666660E11A41CDCCCC4CEB865841CDCCCCCC56E11A419A999939E98658410000000052E11A419A999919E8865841;;;;;;;;33174B081;33174B081;;2;LINESTRING(440575.3 6430206.4,440574.8 6430198.9,440573.6 6430193,440572.3 6430186.6,440567.8 6430174.3,440562.6 6430156.8,440540.4 6430080.1,440483.4 6429877.5,440463.6 6429807.9,440444.5 6429740.8,440419.7 6429653.5,440408.1 6429613.2,440405.7 6429604.9,440404.5 6429600.4)
9b89eca2e9e208e4fbc6c546953fb5a6;9b83deef2a74dbb4365e5b803f8b485c;;;TRONROUT0000000002374629;01020000000700000033333333FDE31A419A9999997F875841CDCCCCCCEAE31A41CDCCCC4C7F87584100000000ACE31A419A9999197F8758419A99999967E31A419A9999397F8758419A99999959E21A413333337381875841CDCCCCCC18E11A41CDCCCC2C8487584166666666FCE01A419A99995984875841;;;;;;;;33174B081;33174B081;;2;LINESTRING(440575.3 6430206.4,440570.7 6430205.2,440555 6430204.4,440537.9 6430204.9,440470.4 6430213.8,440390.2 6430224.7,440383.1 6430225.4)
e6db8607c6088bc21cc06e685bead1f5;9b83deef2a74dbb4365e5b803f8b485c;;;TRONROUT0000000002374628;01020000000600000066666666FCE01A419A999959848758419A999999A1E01A419A9999F984875841333333332FE01A41CDCCCCCC85875841CDCCCCCCE0DF1A4100000040868758410000000092DF1A4133333393868758419A99999907DF1A416666666686875841;;;;;;;;33174B081;33174B081;;2;LINESTRING(440383.1 6430225.4,440360.4 6430227.9,440331.8 6430231.2,440312.2 6430233,440292.5 6430234.3,440257.9 6430233.6)
04a979ba08b1e79fa161355bd65984b3;86b2dd2667c1ddd32ff8f22f7e1c7b8e;331cd536d1730417b3a47133b90ac86c;331cd536d1730417b3a47133b90ac86c;;010200000002000000E4EBA6C5C5E91A416548E9F475875841D215BDEC4EEA1A41FFC817994F875841;;;;;;;;;;;;LINESTRING(440945.443019567 6430167.82673845,440979.731190053 6430014.39207673)
c7d95fb9df1354c0923ec9b925cfea22;2347d263a313f442d20ef4020f45dfc0;95b43a8f5021874676595cf6682e07eb;95b43a8f5021874676595cf6682e07eb;TRONROUT0000000002480102;010200000004000000CDCCCCCC64601741CDCCCC4CACCD5841CDCCCCCC2E60174133333393A7CD58419A999999F35F174166666686A2CD5841CDCCCCCC8A5F17410000006099CD5841;;;;;;;;335440090;335440090;;2;LINESTRING(383001.2 6502065.2,382987.7 6502046.3,382972.9 6502026.1,382946.7 6501989.5)
ae478959ce8ba2bd6874f86ca65ac32e;2347d263a313f442d20ef4020f45dfc0;8c0b4e6a2590a11e16867211d76e739c;8c0b4e6a2590a11e16867211d76e739c;TRONROUT0000000002480156;010200000003000000CDCCCCCC8A5F17410000006099CD584166666666645F17419A9999F995CD58419A9999993D5F1741CDCCCCAC92CD5841;;;;;;;;335440090;335440090;;2;LINESTRING(382946.7 6501989.5,382937.1 6501975.9,382927.4 6501962.7)
a0a16d8e8e55145be193756362483a2e;2347d263a313f442d20ef4020f45dfc0;8c0b4e6a2590a11e16867211d76e739c;8c0b4e6a2590a11e16867211d76e739c;TRONROUT0000000002480155;0102000000050000009A9999993D5F1741CDCCCCAC92CD584100000000025F1741666666E68CCD584100000000EC5E1741CDCCCCAC8ACD58419A999999D75E1741CDCCCCCC88CD584133333333BF5E17410000006086CD5841;;;;;;;;335440090;335440090;;2;LINESTRING(382927.4 6501962.7,382912.5 6501939.6,382907 6501930.7,382901.9 6501923.2,382895.8 6501913.5)
272251333b91367e12542d6944f604f2;8231ee06c2196a1a112382f7a1b99582;;;;010200000002000000D6C47B392B651941D9E4ED06048558414CEF176689651941573A7CBADD845841;;;;;;;;;;;;LINESTRING(416074.806136203 6427664.10826989,416098.349700679 6427510.91383227)
168537ea59f921b7d4368781449571a2;0e5e64d6fc905254dd2ffce35e110255;;;TRONROUT0000000002375042;01020000000900000033333333D7F11A41CDCCCC6CAF87584133333333ADF21A4100000040AF8758413333333303F31A4166666626AF8758419A9999992BF31A41CDCCCCECAE875841000000004AF31A41000000A0AE8758410000000080F31A41666666E6AD8758413333333303F41A41333333B3AB87584100000000B0F41A419A999979A98758419A999999C9F41A4166666646A9875841;;;;;;;;331740063;331740063;;2;LINESTRING(441461.8 6430397.7,441515.3 6430397,441536.8 6430396.6,441546.9 6430395.7,441554.5 6430394.5,441568 6430391.6,441600.8 6430382.8,441644 6430373.9,441650.4 6430373.1)
182bc7d5909bb978c5006e9f82bfefe1;0e5e64d6fc905254dd2ffce35e110255;;;TRONROUT0000000002373691;01020000000400000000000000FAF61A419A9999B9A48758416666666632F71A419A9999F9A387584133333333A1F71A41000000E0A18758416666666626F81A41666666269F875841;;;;;;;;331740063;331740063;;2;LINESTRING(441790.5 6430354.9,441804.6 6430351.9,441832.3 6430343.5,441865.6 6430332.6)
188972f50423046d06a18c408682ffd6;0e5e64d6fc905254dd2ffce35e110255;;;TRONROUT0000000002373690;0102000000060000009A999999C9F41A4166666646A98758413333333337F51A419A999979A887584133333333EDF51A4166666626A7875841666666668AF61A419A9999D9A5875841CDCCCCCCDEF61A419A999919A587584100000000FAF61A419A9999B9A4875841;;;;;;;;331740063;331740063;;2;LINESTRING(441650.4 6430373.1,441677.8 6430369.9,441723.3 6430364.6,441762.6 6430359.4,441783.7 6430356.4,441790.5 6430354.9)
fbc47f5b7955895d5e6bd4ae258c7a83;0e5e64d6fc905254dd2ffce35e110255;;;TRONROUT0000000002373689;0102000000070000006666666626F81A41666666269F8758413333333347F81A41333333739E87584100000000F8F81A41CDCCCC0C9B8758419A9999992BF91A41333333139A875841000000005EF91A41000000C098875841CDCCCCCCB4F91A419A99997996875841666666661AFA1A419A9999F993875841;;;;;;;;331740063;331740063;;2;LINESTRING(441865.6 6430332.6,441873.8 6430329.8,441918 6430316.2,441930.9 6430312.3,441943.5 6430307,441965.2 6430297.9,441990.6 6430287.9)
a414f9c9e940a52badbc3014efd07e82;7301fae367e89b82f20cfd5a1ade6052;;;TRONROUT0000000002375042;01020000000900000033333333D7F11A41CDCCCC6CAF87584133333333ADF21A4100000040AF8758413333333303F31A4166666626AF8758419A9999992BF31A41CDCCCCECAE875841000000004AF31A41000000A0AE8758410000000080F31A41666666E6AD8758413333333303F41A41333333B3AB87584100000000B0F41A419A999979A98758419A999999C9F41A4166666646A9875841;;;;;;;;331740063;331740063;;2;LINESTRING(441461.8 6430397.7,441515.3 6430397,441536.8 6430396.6,441546.9 6430395.7,441554.5 6430394.5,441568 6430391.6,441600.8 6430382.8,441644 6430373.9,441650.4 6430373.1)
057709bc0d6b6a1bbdda657d63d908d9;7301fae367e89b82f20cfd5a1ade6052;;;TRONROUT0000000002373691;01020000000400000000000000FAF61A419A9999B9A48758416666666632F71A419A9999F9A387584133333333A1F71A41000000E0A18758416666666626F81A41666666269F875841;;;;;;;;331740063;331740063;;2;LINESTRING(441790.5 6430354.9,441804.6 6430351.9,441832.3 6430343.5,441865.6 6430332.6)
34ebd1e04e6389b757acfb3a25f4564b;7301fae367e89b82f20cfd5a1ade6052;;;TRONROUT0000000002373690;0102000000060000009A999999C9F41A4166666646A98758413333333337F51A419A999979A887584133333333EDF51A4166666626A7875841666666668AF61A419A9999D9A5875841CDCCCCCCDEF61A419A999919A587584100000000FAF61A419A9999B9A4875841;;;;;;;;331740063;331740063;;2;LINESTRING(441650.4 6430373.1,441677.8 6430369.9,441723.3 6430364.6,441762.6 6430359.4,441783.7 6430356.4,441790.5 6430354.9)
c7c2cd1a43543d47d7775542eb5b0938;7301fae367e89b82f20cfd5a1ade6052;;;TRONROUT0000000002373689;0102000000070000006666666626F81A41666666269F8758413333333347F81A41333333739E87584100000000F8F81A41CDCCCC0C9B8758419A9999992BF91A41333333139A875841000000005EF91A41000000C098875841CDCCCCCCB4F91A419A99997996875841666666661AFA1A419A9999F993875841;;;;;;;;331740063;331740063;;2;LINESTRING(441865.6 6430332.6,441873.8 6430329.8,441918 6430316.2,441930.9 6430312.3,441943.5 6430307,441965.2 6430297.9,441990.6 6430287.9)
db97d367b4525075914aa865f29cc7e8;57e16550aacbd5368eac47322052a99f;;;TRONROUT0000000002373702;01020000000400000000000000FAF61A419A9999B9A4875841CDCCCCCCEAF61A4100000020A1875841CDCCCCCCA0F61A41333333B3928758413333333389F61A41CDCCCC8C8F875841;;;;;;;;331740140;331740140;;2;LINESTRING(441790.5 6430354.9,441786.7 6430340.5,441768.2 6430282.8,441762.3 6430270.2)
a25088d9a0d8b70aaf92860b33ff2f1e;57e16550aacbd5368eac47322052a99f;;;TRONROUT0000000002373646;0102000000050000009A9999991FF41A419A9999195C875841CDCCCCCCF0F31A41333333D3598758413333333381F31A41CDCCCC4C548758413333333331F31A419A99993950875841CDCCCCCC1AF31A41000000E04E875841;;;;;;;;331740140;331740140;;2;LINESTRING(441607.9 6430064.4,441596.2 6430055.3,441568.3 6430033.2,441548.3 6430016.9,441542.7 6430011.5)
8ec719ff1d44d7fada222e71cf876db8;57e16550aacbd5368eac47322052a99f;;;TRONROUT0000000002373645;0102000000090000006666666684F61A419A9999D98E875841CDCCCCCC50F61A41666666C687875841CDCCCCCCF8F51A41666666267E8758410000000082F51A4166666686728758413333333327F51A41CDCCCCAC698758419A9999990FF51A419A99997967875841CDCCCCCCF6F41A41666666A665875841CDCCCCCC64F41A41CDCCCC6C5F8758419A9999991FF41A419A9999195C875841;;;;;;;;331740140;331740140;;2;LINESTRING(441761.1 6430267.4,441748.2 6430239.1,441726.2 6430200.6,441696.5 6430154.1,441673.8 6430118.7,441667.9 6430109.9,441661.7 6430102.6,441625.2 6430077.7,441607.9 6430064.4)
6ef8ce8f8dec95439e80cea46ec53d99;53619b64a2fa81f228a47b87702b2bd3;;;TRONROUT0000000002375042;01020000000900000033333333D7F11A41CDCCCC6CAF87584133333333ADF21A4100000040AF8758413333333303F31A4166666626AF8758419A9999992BF31A41CDCCCCECAE875841000000004AF31A41000000A0AE8758410000000080F31A41666666E6AD8758413333333303F41A41333333B3AB87584100000000B0F41A419A999979A98758419A999999C9F41A4166666646A9875841;;;;;;;;331740063;331740063;;2;LINESTRING(441461.8 6430397.7,441515.3 6430397,441536.8 6430396.6,441546.9 6430395.7,441554.5 6430394.5,441568 6430391.6,441600.8 6430382.8,441644 6430373.9,441650.4 6430373.1)
ac08094837464fee953edadc6d7109c5;53619b64a2fa81f228a47b87702b2bd3;;;TRONROUT0000000002373691;01020000000400000000000000FAF61A419A9999B9A48758416666666632F71A419A9999F9A387584133333333A1F71A41000000E0A18758416666666626F81A41666666269F875841;;;;;;;;331740063;331740063;;2;LINESTRING(441790.5 6430354.9,441804.6 6430351.9,441832.3 6430343.5,441865.6 6430332.6)
91b00a2f3ce7363f8bb8047e865b65df;53619b64a2fa81f228a47b87702b2bd3;;;TRONROUT0000000002373690;0102000000060000009A999999C9F41A4166666646A98758413333333337F51A419A999979A887584133333333EDF51A4166666626A7875841666666668AF61A419A9999D9A5875841CDCCCCCCDEF61A419A999919A587584100000000FAF61A419A9999B9A4875841;;;;;;;;331740063;331740063;;2;LINESTRING(441650.4 6430373.1,441677.8 6430369.9,441723.3 6430364.6,441762.6 6430359.4,441783.7 6430356.4,441790.5 6430354.9)
e4318dd5beb9bf8c6c9a3c8b75102f9b;53619b64a2fa81f228a47b87702b2bd3;;;TRONROUT0000000002373689;0102000000070000006666666626F81A41666666269F8758413333333347F81A41333333739E87584100000000F8F81A41CDCCCC0C9B8758419A9999992BF91A41333333139A875841000000005EF91A41000000C098875841CDCCCCCCB4F91A419A99997996875841666666661AFA1A419A9999F993875841;;;;;;;;331740063;331740063;;2;LINESTRING(441865.6 6430332.6,441873.8 6430329.8,441918 6430316.2,441930.9 6430312.3,441943.5 6430307,441965.2 6430297.9,441990.6 6430287.9)
740df5e57d13d8d65fc5e82238db4a7b;cda0199d08a3252bc49cfdb6a64e9dba;;;TRONROUT0000000002373681;0102000000090000006666666626F81A41666666269F875841CDCCCCCC26F81A41000000809D875841333333332BF81A41666666269C8758416666666638F81A41333333D397875841CDCCCCCC46F81A4100000060928758413333333357F81A41333333538B875841CDCCCCCC5CF81A4100000040868758410000000064F81A4100000020808758419A99999963F81A41CDCCCCAC7D875841;;;;;;;;331740060;331740060;;2;LINESTRING(441865.6 6430332.6,441865.7 6430326,441866.8 6430320.6,441870.1 6430303.3,441873.7 6430281.5,441877.8 6430253.3,441879.2 6430233,441881 6430208.5,441880.9 6430198.7)
49bf1739108812d32abe83b0c805cdba;cda0199d08a3252bc49cfdb6a64e9dba;;;TRONROUT0000000002373652;01020000000B0000006666666684F61A419A9999D98E875841CDCCCCCC8EF61A41CDCCCCAC8E875841CDCCCCCC92F61A41666666868E8758419A999999E7F61A41666666468B8758416666666632F71A419A99991988875841000000007AF71A41000000608487584133333333AFF71A41000000C08187584133333333DBF71A419A999919808758413333333309F81A41000000007F875841333333335DF81A41333333D37D8758419A99999963F81A41CDCCCCAC7D875841;;;;;;;;331740060;331740060;;2;LINESTRING(441761.1 6430267.4,441763.7 6430266.7,441764.7 6430266.1,441785.9 6430253.1,441804.6 6430240.4,441822.5 6430225.5,441835.8 6430215,441846.8 6430208.4,441858.3 6430204,441879.3 6430199.3,441880.9 6430198.7)
af85c6a5a04d2ccb260279967db07257;cda0199d08a3252bc49cfdb6a64e9dba;;;TRONROUT0000000002373649;0102000000050000009A99999963F81A41CDCCCCAC7D87584133333333D1F81A419A9999397B8758419A9999993BF91A4166666606798758413333333377F91A419A9999F977875841333333338BF91A41000000C077875841;;;;;;;;331740060;331740060;;2;LINESTRING(441880.9 6430198.7,441908.3 6430188.9,441934.9 6430180.1,441949.8 6430175.9,441954.8 6430175)
28a8e8e8b51ad864c170dca0489141c2;249c9e2bfe9036eb001e277b9e68dde5;;;TRONROUT0000000002397199;01020000001A00000033333333FDFD1A419A999919DD875841CDCCCCCCFEFD1A41CDCCCCACDE8758410000000000FE1A41333333F3E0875841CDCCCCCC02FE1A4133333353E38758419A99999909FE1A41666666A6E68758410000000016FE1A4100000040EA875841CDCCCCCC2AFE1A419A999999ED8758413333333343FE1A4166666686F1875841CDCCCCCC54FE1A41CDCCCC2CF48758419A9999995FFE1A4166666606F5875841666666666EFE1A41CDCCCC6CF58758416666666680FE1A4133333353F5875841000000009CFE1A419A999999F487584166666666BAFE1A4133333373F38758419A999999D3FE1A419A999979F287584100000000ECFE1A41CDCCCC0CF28758413333333305FF1A4133333333F2875841666666661EFF1A41CDCCCCCCF28758410000000036FF1A4166666666F38758416666666650FF1A41000000E0F3875841333333337BFF1A41666666C6F38758419A999999CFFF1A419A9999B9F28758416666666636001B41333333F3F187584133333333BB001B4133333373F187584133333333D5001B419A999959F18758419A999999F5001B419A999999F1875841;;;;;;;;331740150;331740150;;2;LINESTRING(442239.3 6430580.4,442239.7 6430586.7,442240 6430595.8,442240.7 6430605.3,442242.4 6430618.6,442245.5 6430633,442250.7 6430646.4,442256.8 6430662.1,442261.2 6430672.7,442263.9 6430676.1,442267.6 6430677.7,442272.1 6430677.3,442279 6430674.4,442286.6 6430669.8,442292.9 6430665.9,442299 6430664.2,442305.3 6430664.8,442311.6 6430667.2,442317.5 6430669.6,442324.1 6430671.5,442334.8 6430671.1,442355.9 6430666.9,442381.6 6430663.8,442414.8 6430661.8,442421.3 6430661.4,442429.4 6430662.4)
9b7748decf48bf56d68e12f755e7d1f0;249c9e2bfe9036eb001e277b9e68dde5;;;TRONROUT0000000002373651;010200000011000000333333338BFD1A4133333333818758416666666696FD1A41CDCCCCAC81875841000000009CFD1A41333333738287584133333333ABFD1A41666666C68887584166666666B8FD1A41CDCCCCEC8E8758419A999999C5FD1A41000000C09587584133333333D1FD1A41000000009A87584133333333DDFD1A41CDCCCC8CA08758419A999999EDFD1A41CDCCCCCCA68758419A999999FBFD1A41000000C0B087584166666666FCFD1A4133333373B48758419A999999FFFD1A4166666666BC87584133333333FFFD1A4133333353C28758419A999999FDFD1A41333333D3C487584133333333F5FD1A41CDCCCC6CC68758419A999999E7FD1A419A9999B9C78758419A999999D7FD1A41CDCCCC8CC8875841;;;;;;;;331740150;331740150;;2;LINESTRING(442210.8 6430212.8,442213.6 6430214.7,442215 6430217.8,442218.8 6430243.1,442222.1 6430267.7,442225.4 6430295,442228.3 6430312,442231.3 6430338.2,442235.4 6430363.2,442238.9 6430403,442239.1 6430417.8,442239.9 6430449.6,442239.8 6430473.3,442239.4 6430483.3,442237.3 6430489.7,442233.9 6430494.9,442229.9 6430498.2)
63e96936e796bcbe837ea7c0e8c1e25f;249c9e2bfe9036eb001e277b9e68dde5;;;TRONROUT0000000002373650;0102000000060000009A999999D7FD1A41CDCCCC8CC887584166666666CEFD1A419A9999D9C987584166666666DAFD1A419A999939CF87584133333333E9FD1A41CDCCCC4CD58758419A999999F1FD1A41000000C0D987584133333333FDFD1A419A999919DD875841;;;;;;;;331740150;331740150;;2;LINESTRING(442229.9 6430498.2,442227.6 6430503.4,442230.6 6430524.9,442234.3 6430549.2,442236.4 6430567,442239.3 6430580.4)
43c997f1f4c766b382c4a7de0e69608d;249c9e2bfe9036eb001e277b9e68dde5;;;TRONROUT0000000002373619;010200000009000000666666661AFA1A419A9999F993875841666666669EFA1A419A9999F990875841333333332BFB1A419A9999F98D87584100000000C2FB1A419A9999B98A875841333333337BFC1A41CDCCCCAC86875841CDCCCCCC04FD1A41333333B383875841333333336DFD1A416666664681875841333333337FFD1A410000000081875841333333338BFD1A413333333381875841;;;;;;;;331740150;331740150;;2;LINESTRING(441990.6 6430287.9,442023.6 6430275.9,442058.8 6430263.9,442096.5 6430250.9,442142.8 6430234.7,442177.2 6430222.8,442203.3 6430213.1,442207.8 6430212,442210.8 6430212.8)
db041ea4d68f57eaf6a656341a08476d;e218e48752e73a204ac2a6d58868af0c;;;TRONROUT0000000002373703;01020000000B0000009A9999995FF81A410000008044875841CDCCCCCC62F81A4100000080468758413333333369F81A419A9999F9488758410000000072F81A419A9999594B875841666666668AF81A41666666264E8758419A999999B3F81A41CDCCCCCC52875841CDCCCCCCE2F81A419A9999395787584166666666FEF81A41000000205A8758413333333319F91A419A9999795D875841000000002CF91A41CDCCCCEC608758416666666630F91A419A9999B961875841;;;;;;;;33174#017;33174#017;;2;LINESTRING(441879.9 6429970,441880.7 6429978,441882.3 6429987.9,441884.5 6429997.4,441890.6 6430008.6,441900.9 6430027.2,441912.7 6430044.9,441919.6 6430056.5,441926.3 6430069.9,441931 6430083.7,441932.1 6430086.9)
83e37dbd030164c275d4181678fd5c22;e218e48752e73a204ac2a6d58868af0c;;;TRONROUT0000000002373660;0102000000040000006666666630F91A419A9999B961875841333333334DF91A4133333393678758419A99999977F91A410000006072875841333333338BF91A41000000C077875841;;;;;;;;33174#017;33174#017;;2;LINESTRING(441932.1 6430086.9,441939.3 6430110.3,441949.9 6430153.5,441954.8 6430175)
c1906e89f63d31e79e10e69c144e043b;e218e48752e73a204ac2a6d58868af0c;;;TRONROUT0000000002373659;0102000000130000009A9999995FF81A410000008044875841CDCCCCCC5EF81A419A9999D9438758419A9999995FF81A419A999939418758410000000064F81A41666666A63E875841CDCCCCCC6AF81A41666666C63C8758416666666672F81A41333333933A875841000000007EF81A41000000A0388758419A9999998FF81A41CDCCCCCC3687584100000000A6F81A41000000C03487584100000000BCF81A41000000E032875841CDCCCCCCD4F81A41CDCCCC4C3187584133333333F5F81A41000000602F8758410000000014F91A41666666E62D8758410000000038F91A419A9999592C875841000000005EF91A41333333F32A8758419A99999985F91A41666666C629875841CDCCCCCCAAF91A41333333B32887584100000000B4F91A41666666862887584133333333BBF91A419A99995928875841;;;;;;;;33174#017;33174#017;;2;LINESTRING(441879.9 6429970,441879.7 6429967.4,441879.9 6429956.9,441881 6429946.6,441882.7 6429939.1,441884.6 6429930.3,441887.5 6429922.5,441891.9 6429915.2,441897.5 6429907,441903 6429899.5,441909.2 6429893.2,441917.3 6429885.5,441925 6429879.6,441934 6429873.4,441943.5 6429867.8,441953.4 6429863.1,441962.7 6429858.8,441965 6429858.1,441966.8 6429857.4)
efa5309342db7de7444eb1d32d73fa7c;e218e48752e73a204ac2a6d58868af0c;;;TRONROUT0000000002373621;010200000005000000333333338BF91A41000000C077875841000000009CF91A419A9999797C87584166666666C6F91A410000008085875841CDCCCCCCFCF91A41333333538E875841666666661AFA1A419A9999F993875841;;;;;;;;33174#017;33174#017;;2;LINESTRING(441954.8 6430175,441959 6430193.9,441969.6 6430230,441983.2 6430265.3,441990.6 6430287.9)
51cb2ef9f2995950d518b5025ee16241;510e6eb6bf3242ec46652b4206e45889;;;TRONROUT0000000002373657;010200000010000000666666668C011B41CDCCCC8C348758416666666662011B4166666646338758413333333335011B419A999959328758419A99999909011B41CDCCCCCC318758419A999999E9001B4166666666318758410000000012001B41CDCCCC0C30875841CDCCCCCC82FF1A41CDCCCC0C2F875841666666660AFF1A41666666462E87584166666666B2FE1A419A9999B92D875841333333335BFE1A419A9999F92C8758416666666608FE1A419A9999192C87584133333333B9FD1A41666666062B8758416666666672FD1A41CDCCCCEC298758413333333335FD1A41000000202987584100000000D0FC1A419A99999928875841333333337DFC1A41CDCCCC6C28875841;;;;;;;;33174B134;33174B134;;2;LINESTRING(442467.1 6429906.2,442456.6 6429901.1,442445.3 6429897.4,442434.4 6429895.2,442426.4 6429893.6,442372.5 6429888.2,442336.7 6429884.2,442306.6 6429881.1,442284.6 6429878.9,442262.8 6429875.9,442242.1 6429872.4,442222.3 6429868.1,442204.6 6429863.7,442189.3 6429860.5,442164 6429858.4,442143.3 6429857.7)
7676b8ba661ba62931e519dec5db3a01;510e6eb6bf3242ec46652b4206e45889;;;TRONROUT0000000002373655;010200000009000000333333337DFC1A41CDCCCC6C2887584133333333B9FB1A419A9999F927875841CDCCCCCCC6FA1A4100000080278758413333333371FA1A419A999959278758416666666640FA1A419A99995927875841CDCCCCCC18FA1A4100000080278758419A999999F1F91A41000000A02787584133333333CDF91A41666666062887584133333333BBF91A419A99995928875841;;;;;;;;33174B134;33174B134;;2;LINESTRING(442143.3 6429857.7,442094.3 6429855.9,442033.7 6429854,442012.3 6429853.4,442000.1 6429853.4,441990.2 6429854,441980.4 6429854.5,441971.3 6429856.1,441966.8 6429857.4)
a32bdacbb80be7703099b30545dc9a1a;03d3bbaa5e418cdd14383240a37336dc;;;TRONROUT0000000002373620;01020000001F000000CDCCCCCC6C0B1B419A99999921875841666666662C0B1B41000000C02287584100000000B60A1B41CDCCCCEC2487584166666666380A1B4133333333278758410000000098091B419A9999F9298758419A99999921091B41CDCCCC2C2C8758419A999999E3081B41CDCCCC4C2D8758413333333383081B41000000202F8758419A99999909081B410000008031875841333333337D071B41CDCCCC2C34875841333333332D071B41000000C03587584133333333EB061B41333333B336875841000000009E061B419A99991937875841333333339B061B4166666626378758413333333381061B4100000040378758416666666656061B419A99997937875841000000002E061B41000000A03787584100000000FA051B41333333D33787584133333333BD051B4133333313388758419A9999997B051B419A99995938875841666666661C051B419A9999F93887584100000000C4041B41CDCCCCAC398758413333333379041B41CDCCCC0C3A875841000000001A041B41333333733A87584166666666CA031B41333333D33A8758419A999999AF031B419A9999193B8758413333333397031B41000000803B875841CDCCCCCC7C031B41CDCCCC2C3C875841CDCCCCCC62031B41000000203D8758410000000046031B41333333533E875841CDCCCCCC32031B419A9999193F875841;;;;;;;;33174B109;33174B109;;2;LINESTRING(443099.2 6429830.4,443083.1 6429835,443053.5 6429843.7,443022.1 6429852.8,442982 6429863.9,442952.4 6429872.7,442936.9 6429877.2,442912.8 6429884.5,442882.4 6429894,442847.3 6429904.7,442827.3 6429911,442810.8 6429914.8,442791.5 6429916.4,442790.8 6429916.6,442784.3 6429917,442773.6 6429917.9,442763.5 6429918.5,442750.5 6429919.3,442735.3 6429920.3,442718.9 6429921.4,442695.1 6429923.9,442673 6429926.7,442654.3 6429928.2,442630.5 6429929.8,442610.6 6429931.3,442603.9 6429932.4,442597.8 6429934,442591.2 6429936.7,442584.7 6429940.5,442577.5 6429945.3,442572.7 6429948.4)